field_name,data_type,null_percentage,minimum,maximum,example_value,endpoint,notes
country,str,0.0,,,Japan,country-list,200/200 records populated
id,int,0.0,1,201,1,country-list,200/200 records populated
iso,str,0.0,,,jp,country-list,200/200 records populated
iso_number,int,0.0,4,917,392,country-list,200/200 records populated
name_de,str,0.0,,,Japan,country-list,200/200 records populated
name_es,str,0.0,,,Japón,country-list,200/200 records populated
name_jp,str,0.0,,,日本,country-list,200/200 records populated
name_kr,str,0.0,,,일본,country-list,200/200 records populated
name_nl,str,0.0,,,Japan,country-list,200/200 records populated
name_pt,str,0.0,,,Japão,country-list,200/200 records populated
name_ru,str,0.0,,,Япония,country-list,200/200 records populated
name_se,str,0.0,,,Japan,country-list,200/200 records populated
name_tr,str,0.0,,,Japonya,country-list,200/200 records populated
country,str,0.0,,,USA,league-list,200/200 records populated
image,str,0.0,,,https://cdn.footystats.org/img/competitions/usa-mls.png,league-list,200/200 records populated
league_name,str,0.0,,,MLS,league-list,200/200 records populated
name,str,0.0,,,USA MLS,league-list,200/200 records populated
season,str,0.0,,,[17 items],league-list,200/200 records populated
age,int,0.0,16,35,30,league-players,200/200 records populated
appearances_away,int,0.0,0,1,0,league-players,200/200 records populated
appearances_home,int,0.0,0,1,1,league-players,200/200 records populated
appearances_overall,int,0.0,0,2,1,league-players,200/200 records populated
assists_away,int,0.0,0,1,0,league-players,200/200 records populated
assists_home,int,0.0,0,1,0,league-players,200/200 records populated
assists_overall,int,0.0,0,1,0,league-players,200/200 records populated
assists_per_90_overall,float|int,0.0,0,1.27,0,league-players,200/200 records populated
birthday,int,0.0,655369200,1262246400,811148400,league-players,200/200 records populated
cards_overall,int,0.0,0,2,0,league-players,200/200 records populated
cards_per_90_overall,float|int,0.0,0,30,0,league-players,200/200 records populated
clean_sheets_away,int,0.0,0,1,0,league-players,200/200 records populated
clean_sheets_home,int,0.0,0,1,1,league-players,200/200 records populated
clean_sheets_overall,int,0.0,0,2,1,league-players,200/200 records populated
clean_sheets_per_overall,int,0.0,0,100,100,league-players,200/200 records populated
club_team_2_id,int,0.0,-1,-1,-1,league-players,200/200 records populated
club_team_id,int,0.0,59,239,59,league-players,200/200 records populated
competition_id,int,0.0,17146,17146,17146,league-players,200/200 records populated
conceded_away,int,0.0,0,3,0,league-players,200/200 records populated
conceded_home,int,0.0,0,4,0,league-players,200/200 records populated
conceded_overall,int,0.0,0,6,0,league-players,200/200 records populated
conceded_per_90_overall,float|int,0.0,0,6,0,league-players,200/200 records populated
continent,str,0.0,,,eu,league-players,200/200 records populated
ending_year,int,0.0,2027,2027,2027,league-players,200/200 records populated
first_name,str,0.0,,,David,league-players,200/200 records populated
full_name,str,0.0,,,David Raya Martin,league-players,200/200 records populated
goals_away,int,0.0,0,1,0,league-players,200/200 records populated
goals_home,int,0.0,0,1,0,league-players,200/200 records populated
goals_involved_per_90_overall,float|int,0.0,0,4.74,0,league-players,200/200 records populated
goals_overall,int,0.0,0,1,0,league-players,200/200 records populated
goals_per_90_away,float|int,0.0,0,2.9,0,league-players,200/200 records populated
goals_per_90_home,float|int,0.0,0,4.74,0,league-players,200/200 records populated
goals_per_90_overall,float|int,0.0,0,4.74,0,league-players,200/200 records populated
height,int,0.0,-1,206,186,league-players,200/200 records populated
id,int,0.0,847,976708,7235,league-players,200/200 records populated
known_as,str,0.0,,,David Raya,league-players,200/200 records populated
last_match_timestamp,int,0.0,0,1788012000,1787338800,league-players,200/200 records populated
last_name,str,0.0,,,Raya Martin,league-players,200/200 records populated
league,str,0.0,,,Premier League,league-players,200/200 records populated
league_type,str,0.0,,,Domestic League,league-players,200/200 records populated
min_per_assist_overall,int,0.0,0,180,0,league-players,200/200 records populated
min_per_card_overall,int,0.0,0,180,0,league-players,200/200 records populated
min_per_conceded_overall,int,0.0,0,180,0,league-players,200/200 records populated
min_per_goal_overall,int,0.0,0,180,0,league-players,200/200 records populated
min_per_match,int,0.0,0,90,90,league-players,200/200 records populated
minutes_played_away,int,0.0,0,90,0,league-players,200/200 records populated
minutes_played_home,int,0.0,0,90,90,league-players,200/200 records populated
minutes_played_overall,int,0.0,0,180,90,league-players,200/200 records populated
national_team_id,int,0.0,-1,-1,-1,league-players,200/200 records populated
nationality,str,0.0,,,Spain,league-players,200/200 records populated
penalty_goals,int,0.0,0,0,0,league-players,200/200 records populated
penalty_misses,int,0.0,0,0,0,league-players,200/200 records populated
penalty_success,int,0.0,-1,-1,-1,league-players,200/200 records populated
position,str,0.0,,,Goalkeeper,league-players,200/200 records populated
rank_in_club_top_scorer,int,0.0,-1,18,4,league-players,200/200 records populated
rank_in_league_top_attackers,int,0.0,-1,-1,-1,league-players,200/200 records populated
rank_in_league_top_defenders,int,0.0,-1,-1,-1,league-players,200/200 records populated
rank_in_league_top_midfielders,int,0.0,-1,-1,-1,league-players,200/200 records populated
red_cards_overall,int,0.0,0,0,0,league-players,200/200 records populated
season,str,0.0,,,2026/2027,league-players,200/200 records populated
shorthand,str,0.0,,,david-raya,league-players,200/200 records populated
starting_year,int,0.0,2026,2026,2026,league-players,200/200 records populated
url,str,0.0,,,https://footystats.org/players/spain/david-raya,league-players,200/200 records populated
weight,int,0.0,-1,98,80,league-players,200/200 records populated
yellow_cards_overall,int,0.0,0,2,0,league-players,200/200 records populated
attack_num_recoded_matches,int,0.0,14,14,14,league-season,1/1 records populated
attacks_avg,float,0.0,199.93,199.93,199.93,league-season,1/1 records populated
attacks_num,int,0.0,2799,2799,2799,league-season,1/1 records populated
averageAttendance,int,0.0,37972,37972,37972,league-season,1/1 records populated
awayWinPercentage,int,0.0,29,29,29,league-season,1/1 records populated
awayWins,int,0.0,4,4,4,league-season,1/1 records populated
away_teams_clean_sheets,int,0.0,2,2,2,league-season,1/1 records populated
away_teams_conceded,int,0.0,26,26,26,league-season,1/1 records populated
away_teams_failed_to_score,int,0.0,5,5,5,league-season,1/1 records populated
away_teams_goals,int,0.0,16,16,16,league-season,1/1 records populated
btts_matches,int,0.0,7,7,7,league-season,1/1 records populated
canceledMatchesNum,int,0.0,0,0,0,league-season,1/1 records populated
cardsAVG_away,float,0.0,2.14,2.14,2.14,league-season,1/1 records populated
cardsAVG_home,float,0.0,1.79,1.79,1.79,league-season,1/1 records populated
cardsAVG_overall,float,0.0,3.93,3.93,3.93,league-season,1/1 records populated
cardsRecorded_matches,int,0.0,14,14,14,league-season,1/1 records populated
cardsTotal_away,int,0.0,30,30,30,league-season,1/1 records populated
cardsTotal_home,int,0.0,25,25,25,league-season,1/1 records populated
cardsTotal_overall,int,0.0,55,55,55,league-season,1/1 records populated
clean_sheets_total,int,0.0,7,7,7,league-season,1/1 records populated
clubNum,int,0.0,20,20,20,league-season,1/1 records populated
comp_master_id,int,0.0,9,9,9,league-season,1/1 records populated
continent,str,0.0,,,eu,league-season,1/1 records populated
cornerTimingRecorded_matches,int,0.0,13,13,13,league-season,1/1 records populated
cornersAVG_away,float,0.0,3.79,3.79,3.79,league-season,1/1 records populated
cornersAVG_home,float,0.0,4.86,4.86,4.86,league-season,1/1 records populated
cornersAVG_overall,float,0.0,8.64,8.64,8.64,league-season,1/1 records populated
cornersRecorded_matches,int,0.0,14,14,14,league-season,1/1 records populated
cornersTotal_away,int,0.0,53,53,53,league-season,1/1 records populated
cornersTotal_home,int,0.0,68,68,68,league-season,1/1 records populated
cornersTotal_overall,int,0.0,121,121,121,league-season,1/1 records populated
corners_2h_avg,float,0.0,4.38,4.38,4.38,league-season,1/1 records populated
corners_2h_num,int,0.0,57,57,57,league-season,1/1 records populated
corners_2h_over4_num,int,0.0,4,4,4,league-season,1/1 records populated
corners_2h_over4_percentage,int,0.0,31,31,31,league-season,1/1 records populated
corners_2h_over5_num,int,0.0,3,3,3,league-season,1/1 records populated
corners_2h_over5_percentage,int,0.0,23,23,23,league-season,1/1 records populated
corners_2h_over6_num,int,0.0,2,2,2,league-season,1/1 records populated
corners_2h_over6_percentage,int,0.0,15,15,15,league-season,1/1 records populated
corners_fh_avg,float,0.0,4.31,4.31,4.31,league-season,1/1 records populated
corners_fh_num,int,0.0,56,56,56,league-season,1/1 records populated
corners_fh_over4_num,int,0.0,6,6,6,league-season,1/1 records populated
corners_fh_over4_percentage,int,0.0,46,46,46,league-season,1/1 records populated
corners_fh_over5_num,int,0.0,5,5,5,league-season,1/1 records populated
corners_fh_over5_percentage,int,0.0,38,38,38,league-season,1/1 records populated
corners_fh_over6_num,int,0.0,2,2,2,league-season,1/1 records populated
corners_fh_over6_percentage,int,0.0,15,15,15,league-season,1/1 records populated
country,str,0.0,,,England,league-season,1/1 records populated
dangerous_attacks_avg,float,0.0,95.5,95.5,95.5,league-season,1/1 records populated
dangerous_attacks_num,int,0.0,1337,1337,1337,league-season,1/1 records populated
db_english_name,str,0.0,,,Premier League,league-season,1/1 records populated
division,int,0.0,1,1,1,league-season,1/1 records populated
domestic_scale,int,0.0,1,1,1,league-season,1/1 records populated
drawPercentage,int,0.0,21,21,21,league-season,1/1 records populated
draws,int,0.0,3,3,3,league-season,1/1 records populated
ending_year,int,0.0,2027,2027,2027,league-season,1/1 records populated
english_name,str,0.0,,,Premier League,league-season,1/1 records populated
failed_to_score_total,int,0.0,7,7,7,league-season,1/1 records populated
footystats_url,str,0.0,,,https://footystats.org/england/premier-league,league-season,1/1 records populated
format,str,0.0,,,Domestic League,league-season,1/1 records populated
foulsAVG_away,float,0.0,11.86,11.86,11.86,league-season,1/1 records populated
foulsAVG_home,float,0.0,11.64,11.64,11.64,league-season,1/1 records populated
foulsAVG_overall,float,0.0,23.5,23.5,23.5,league-season,1/1 records populated
foulsRecorded_matches,int,0.0,14,14,14,league-season,1/1 records populated
foulsTotal_away,int,0.0,166,166,166,league-season,1/1 records populated
foulsTotal_home,int,0.0,163,163,163,league-season,1/1 records populated
foulsTotal_overall,int,0.0,329,329,329,league-season,1/1 records populated
game_week,int,0.0,2,2,2,league-season,1/1 records populated
goalTimingDisabled,int,0.0,0,0,0,league-season,1/1 records populated
goalTimingsRecorded_num,int,0.0,14,14,14,league-season,1/1 records populated
goals_min_0_to_10,int,0.0,3,3,3,league-season,1/1 records populated
goals_min_0_to_15,int,0.0,5,5,5,league-season,1/1 records populated
goals_min_11_to_20,int,0.0,5,5,5,league-season,1/1 records populated
goals_min_16_to_30,int,0.0,9,9,9,league-season,1/1 records populated
goals_min_21_to_30,int,0.0,6,6,6,league-season,1/1 records populated
goals_min_31_to_40,int,0.0,4,4,4,league-season,1/1 records populated
goals_min_31_to_45,int,0.0,7,7,7,league-season,1/1 records populated
goals_min_41_to_50,int,0.0,6,6,6,league-season,1/1 records populated
goals_min_46_to_60,int,0.0,11,11,11,league-season,1/1 records populated
goals_min_51_to_60,int,0.0,8,8,8,league-season,1/1 records populated
goals_min_61_to_70,int,0.0,1,1,1,league-season,1/1 records populated
goals_min_61_to_75,int,0.0,1,1,1,league-season,1/1 records populated
goals_min_71_to_80,int,0.0,0,0,0,league-season,1/1 records populated
goals_min_76_to_90,int,0.0,9,9,9,league-season,1/1 records populated
goals_min_81_to_90,int,0.0,9,9,9,league-season,1/1 records populated
homeAttackAdvantagePercentage,int,0.0,63,63,63,league-season,1/1 records populated
homeDefenceAdvantagePercentage,int,0.0,39,39,39,league-season,1/1 records populated
homeOverallAdvantage,int,0.0,51,51,51,league-season,1/1 records populated
homeWinPercentage,int,0.0,50,50,50,league-season,1/1 records populated
homeWins,int,0.0,7,7,7,league-season,1/1 records populated
home_teams_clean_sheets,int,0.0,5,5,5,league-season,1/1 records populated
home_teams_conceded,int,0.0,16,16,16,league-season,1/1 records populated
home_teams_failed_to_score,int,0.0,2,2,2,league-season,1/1 records populated
home_teams_goals,int,0.0,26,26,26,league-season,1/1 records populated
id,int,0.0,17146,17146,17146,league-season,1/1 records populated
image,str,0.0,,,https://cdn.footystats.org/img/competitions/england-premier-,league-season,1/1 records populated
international_scale,int,0.0,2,2,2,league-season,1/1 records populated
iso,str,0.0,,,gb-eng,league-season,1/1 records populated
matchesCompleted,int,0.0,14,14,14,league-season,1/1 records populated
name,str,0.0,,,Premier League,league-season,1/1 records populated
name_ara,str,0.0,,,الدوري الأول,league-season,1/1 records populated
name_ba,null,100.0,,,,league-season,0/1 records populated
name_bg,str,0.0,,,Английска Висша Лига,league-season,1/1 records populated
name_by,null,100.0,,,,league-season,0/1 records populated
name_cn,str,0.0,,,英超,league-season,1/1 records populated
name_cz,str,0.0,,,Premier League,league-season,1/1 records populated
name_de,str,0.0,,,Premier League,league-season,1/1 records populated
name_dk,str,0.0,,,Premier League,league-season,1/1 records populated
name_ee,null,100.0,,,,league-season,0/1 records populated
name_es,str,0.0,,,Premier League,league-season,1/1 records populated
name_fi,str,0.0,,,Valioliiga,league-season,1/1 records populated
name_fr,str,0.0,,,Premier League,league-season,1/1 records populated
name_ge,null,100.0,,,,league-season,0/1 records populated
name_gr,str,0.0,,,Πρέμιερ Λιγκ,league-season,1/1 records populated
name_hr,str,0.0,,,Engleska Premier League,league-season,1/1 records populated
name_hu,str,0.0,,,Premier League,league-season,1/1 records populated
name_id,str,0.0,,,Premier League,league-season,1/1 records populated
name_in,str,0.0,,, प्रीमियर लीग,league-season,1/1 records populated
name_it,str,0.0,,,Premier League,league-season,1/1 records populated
name_jp,str,0.0,,,プレミアリーグ,league-season,1/1 records populated
name_kr,null,100.0,,,,league-season,0/1 records populated
name_kur,null,100.0,,,,league-season,0/1 records populated
name_lt,null,100.0,,,,league-season,0/1 records populated
name_lv,null,100.0,,,,league-season,0/1 records populated
name_my,str,0.0,,,Liga Perdana,league-season,1/1 records populated
name_nl,str,0.0,,,Premier League,league-season,1/1 records populated
name_no,str,0.0,,,Premier League,league-season,1/1 records populated
name_pl,str,0.0,,,Premier League,league-season,1/1 records populated
name_pt,str,0.0,,,Premier League,league-season,1/1 records populated
name_ro,str,0.0,,,Premier League,league-season,1/1 records populated
name_rs,str,0.0,,,Premijer Liga,league-season,1/1 records populated
name_ru,str,0.0,,,Английская Премьер-лига,league-season,1/1 records populated
name_se,str,0.0,,,Premier League,league-season,1/1 records populated
name_si,null,100.0,,,,league-season,0/1 records populated
name_sk,str,0.0,,,Premier League,league-season,1/1 records populated
name_swa,null,100.0,,,,league-season,0/1 records populated
name_th,str,0.0,,,พรีเมียร์ลีก,league-season,1/1 records populated
name_tr,str,0.0,,,Premier Lig,league-season,1/1 records populated
name_ua,null,100.0,,,,league-season,0/1 records populated
name_vn,str,0.0,,,Giải Ngoại hạng Anh,league-season,1/1 records populated
name_zht,str,0.0,,,英超,league-season,1/1 records populated
no_home_away,null,100.0,,,,league-season,0/1 records populated
offsidesAVG_away,float,0.0,1.43,1.43,1.43,league-season,1/1 records populated
offsidesAVG_home,float,0.0,2.36,2.36,2.36,league-season,1/1 records populated
offsidesAVG_overall,float,0.0,3.79,3.79,3.79,league-season,1/1 records populated
offsidesOver05_overall,int,0.0,14,14,14,league-season,1/1 records populated
offsidesOver15_overall,int,0.0,13,13,13,league-season,1/1 records populated
offsidesOver25_overall,int,0.0,12,12,12,league-season,1/1 records populated
offsidesOver35_overall,int,0.0,5,5,5,league-season,1/1 records populated
offsidesOver45_overall,int,0.0,5,5,5,league-season,1/1 records populated
offsidesOver55_overall,int,0.0,2,2,2,league-season,1/1 records populated
offsidesOver65_overall,int,0.0,1,1,1,league-season,1/1 records populated
offsidesRecorded_matches,int,0.0,14,14,14,league-season,1/1 records populated
offsidesTotal_away,int,0.0,20,20,20,league-season,1/1 records populated
offsidesTotal_home,int,0.0,33,33,33,league-season,1/1 records populated
offsidesTotal_overall,int,0.0,53,53,53,league-season,1/1 records populated
over05CardsPercentage_overall,int,0.0,100,100,100,league-season,1/1 records populated
over05Cards_overall,int,0.0,14,14,14,league-season,1/1 records populated
over05OffsidesPercentage_overall,int,0.0,100,100,100,league-season,1/1 records populated
over05_2hg_num,int,0.0,12,12,12,league-season,1/1 records populated
over05_2hg_percentage,int,0.0,86,86,86,league-season,1/1 records populated
over05_fhg_num,int,0.0,12,12,12,league-season,1/1 records populated
over05_fhg_percentage,int,0.0,86,86,86,league-season,1/1 records populated
over105CornersPercentage_overall,int,0.0,14,14,14,league-season,1/1 records populated
over105Corners_overall,int,0.0,2,2,2,league-season,1/1 records populated
over115CornersPercentage_overall,int,0.0,7,7,7,league-season,1/1 records populated
over115Corners_overall,int,0.0,1,1,1,league-season,1/1 records populated
over125CornersPercentage_overall,int,0.0,7,7,7,league-season,1/1 records populated
over125Corners_overall,int,0.0,1,1,1,league-season,1/1 records populated
over135CornersPercentage_overall,int,0.0,7,7,7,league-season,1/1 records populated
over135Corners_overall,int,0.0,1,1,1,league-season,1/1 records populated
over145CornersPercentage_overall,int,0.0,7,7,7,league-season,1/1 records populated
over145Corners_overall,int,0.0,1,1,1,league-season,1/1 records populated
over15CardsPercentage_overall,int,0.0,93,93,93,league-season,1/1 records populated
over15Cards_overall,int,0.0,13,13,13,league-season,1/1 records populated
over15OffsidesPercentage_overall,int,0.0,93,93,93,league-season,1/1 records populated
over15_2hg_num,int,0.0,5,5,5,league-season,1/1 records populated
over15_2hg_percentage,int,0.0,36,36,36,league-season,1/1 records populated
over15_fhg_num,int,0.0,6,6,6,league-season,1/1 records populated
over15_fhg_percentage,int,0.0,43,43,43,league-season,1/1 records populated
over25CardsPercentage_overall,int,0.0,79,79,79,league-season,1/1 records populated
over25Cards_overall,int,0.0,11,11,11,league-season,1/1 records populated
over25OffsidesPercentage_overall,int,0.0,86,86,86,league-season,1/1 records populated
over25_2hg_num,int,0.0,3,3,3,league-season,1/1 records populated
over25_2hg_percentage,int,0.0,21,21,21,league-season,1/1 records populated
over25_fhg_num,int,0.0,2,2,2,league-season,1/1 records populated
over25_fhg_percentage,int,0.0,14,14,14,league-season,1/1 records populated
over35CardsPercentage_overall,int,0.0,43,43,43,league-season,1/1 records populated
over35Cards_overall,int,0.0,6,6,6,league-season,1/1 records populated
over35OffsidesPercentage_overall,int,0.0,36,36,36,league-season,1/1 records populated
over35_2hg_num,int,0.0,1,1,1,league-season,1/1 records populated
over35_2hg_percentage,int,0.0,7,7,7,league-season,1/1 records populated
over35_fhg_num,int,0.0,1,1,1,league-season,1/1 records populated
over35_fhg_percentage,int,0.0,7,7,7,league-season,1/1 records populated
over45CardsPercentage_overall,int,0.0,43,43,43,league-season,1/1 records populated
over45Cards_overall,int,0.0,6,6,6,league-season,1/1 records populated
over45OffsidesPercentage_overall,int,0.0,36,36,36,league-season,1/1 records populated
over55CardsPercentage_overall,int,0.0,21,21,21,league-season,1/1 records populated
over55Cards_overall,int,0.0,3,3,3,league-season,1/1 records populated
over55OffsidesPercentage_overall,int,0.0,14,14,14,league-season,1/1 records populated
over65CardsPercentage_overall,int,0.0,7,7,7,league-season,1/1 records populated
over65Cards_overall,int,0.0,1,1,1,league-season,1/1 records populated
over65CornersPercentage_overall,int,0.0,86,86,86,league-season,1/1 records populated
over65Corners_overall,int,0.0,12,12,12,league-season,1/1 records populated
over65OffsidesPercentage_overall,int,0.0,7,7,7,league-season,1/1 records populated
over75CardsPercentage_overall,int,0.0,7,7,7,league-season,1/1 records populated
over75Cards_overall,int,0.0,1,1,1,league-season,1/1 records populated
over75CornersPercentage_overall,int,0.0,71,71,71,league-season,1/1 records populated
over75Corners_overall,int,0.0,10,10,10,league-season,1/1 records populated
over85CornersPercentage_overall,int,0.0,36,36,36,league-season,1/1 records populated
over85Corners_overall,int,0.0,5,5,5,league-season,1/1 records populated
over95CornersPercentage_overall,int,0.0,36,36,36,league-season,1/1 records populated
over95Corners_overall,int,0.0,5,5,5,league-season,1/1 records populated
player_count,int,0.0,417,417,417,league-season,1/1 records populated
possessions_recorded_matches,int,0.0,14,14,14,league-season,1/1 records populated
progress,int,0.0,4,4,4,league-season,1/1 records populated
riskNum,int,0.0,79,79,79,league-season,1/1 records populated
round,int,0.0,124461,124461,124461,league-season,1/1 records populated
round_format,int,0.0,0,0,0,league-season,1/1 records populated
season,str,0.0,,,2026/2027,league-season,1/1 records populated
seasonAVG_away,float,0.0,1.14,1.14,1.14,league-season,1/1 records populated
seasonAVG_home,float,0.0,1.86,1.86,1.86,league-season,1/1 records populated
seasonAVG_overall,int,0.0,3,3,3,league-season,1/1 records populated
seasonBTTSPercentage,int,0.0,50,50,50,league-season,1/1 records populated
seasonCSPercentage,int,0.0,50,50,50,league-season,1/1 records populated
seasonConceded_away_teams,str,0.0,,,[26 items],league-season,1/1 records populated
seasonConceded_home_teams,str,0.0,,,[16 items],league-season,1/1 records populated
seasonGoalsScored_away_teams,str,0.0,,,[16 items],league-season,1/1 records populated
seasonGoalsScored_home_teams,str,0.0,,,[26 items],league-season,1/1 records populated
seasonOver05Percentage_overall,int,0.0,100,100,100,league-season,1/1 records populated
seasonOver05_num,int,0.0,14,14,14,league-season,1/1 records populated
seasonOver15Percentage_overall,int,0.0,86,86,86,league-season,1/1 records populated
seasonOver15_num,int,0.0,12,12,12,league-season,1/1 records populated
seasonOver25Percentage_overall,int,0.0,64,64,64,league-season,1/1 records populated
seasonOver25_num,int,0.0,9,9,9,league-season,1/1 records populated
seasonOver35Percentage_overall,int,0.0,36,36,36,league-season,1/1 records populated
seasonOver35_num,int,0.0,5,5,5,league-season,1/1 records populated
seasonOver45Percentage_overall,int,0.0,14,14,14,league-season,1/1 records populated
seasonOver45_num,int,0.0,2,2,2,league-season,1/1 records populated
seasonOver55Percentage_overall,int,0.0,0,0,0,league-season,1/1 records populated
seasonOver55_num,int,0.0,0,0,0,league-season,1/1 records populated
seasonUnder05Percentage_overall,int,0.0,0,0,0,league-season,1/1 records populated
seasonUnder05_num,int,0.0,0,0,0,league-season,1/1 records populated
seasonUnder15Percentage_overall,int,0.0,14,14,14,league-season,1/1 records populated
seasonUnder15_num,int,0.0,2,2,2,league-season,1/1 records populated
seasonUnder25Percentage_overall,int,0.0,36,36,36,league-season,1/1 records populated
seasonUnder25_num,int,0.0,5,5,5,league-season,1/1 records populated
seasonUnder35Percentage_overall,int,0.0,64,64,64,league-season,1/1 records populated
seasonUnder35_num,int,0.0,9,9,9,league-season,1/1 records populated
seasonUnder45Percentage_overall,int,0.0,86,86,86,league-season,1/1 records populated
seasonUnder45_num,int,0.0,12,12,12,league-season,1/1 records populated
seasonUnder55Percentage_overall,int,0.0,100,100,100,league-season,1/1 records populated
seasonUnder55_num,int,0.0,14,14,14,league-season,1/1 records populated
shortHand,str,0.0,,,premier-league,league-season,1/1 records populated
shotsAVG_away,float,0.0,12.29,12.29,12.29,league-season,1/1 records populated
shotsAVG_home,float,0.0,14.5,14.5,14.5,league-season,1/1 records populated
shotsAVG_overall,float,0.0,26.79,26.79,26.79,league-season,1/1 records populated
shotsRecorded_matches,int,0.0,14,14,14,league-season,1/1 records populated
shotsTotal_away,int,0.0,172,172,172,league-season,1/1 records populated
shotsTotal_home,int,0.0,203,203,203,league-season,1/1 records populated
shotsTotal_overall,int,0.0,375,375,375,league-season,1/1 records populated
starting_year,int,0.0,2026,2026,2026,league-season,1/1 records populated
status,str,0.0,,,In Progress,league-season,1/1 records populated
top_assists,str,0.0,,,[20 items],league-season,1/1 records populated
top_clean_sheets,str,0.0,,,[20 items],league-season,1/1 records populated
top_scorers,str,0.0,,,[20 items],league-season,1/1 records populated
totalMatches,int,0.0,380,380,380,league-season,1/1 records populated
total_game_week,int,0.0,38,38,38,league-season,1/1 records populated
total_goals,int,0.0,42,42,42,league-season,1/1 records populated
type,str,0.0,,,Domestic League,league-season,1/1 records populated
women,int,0.0,0,0,0,league-season,1/1 records populated
xg_avg,int,0.0,3,3,3,league-season,1/1 records populated
alt_names,str,0.0,,,[1 items],league-teams,20/20 records populated
cleanName,str,0.0,,,Arsenal,league-teams,20/20 records populated
competition_id,int,0.0,17146,17146,17146,league-teams,20/20 records populated
continent,null,100.0,,,,league-teams,0/20 records populated
country,str,0.0,,,England,league-teams,20/20 records populated
english_name,str,0.0,,,Arsenal FC,league-teams,20/20 records populated
flag_element,null,100.0,,,,league-teams,0/20 records populated
founded,str,0.0,,,1886,league-teams,20/20 records populated
full_name,str,0.0,,,Arsenal FC,league-teams,20/20 records populated
id,int,0.0,59,239,59,league-teams,20/20 records populated
image,str,0.0,,,https://cdn.footystats.org/img/teams/england-arsenal-fc.png,league-teams,20/20 records populated
name,str,0.0,,,Arsenal FC,league-teams,20/20 records populated
official_sites,str,0.0,,,[1 items],league-teams,20/20 records populated
performance_rank,int,0.0,1,20,5,league-teams,20/20 records populated
risk,int,0.0,0,200,100,league-teams,20/20 records populated
season,str,0.0,,,2026/2027,league-teams,20/20 records populated
seasonClean,null,100.0,,,,league-teams,0/20 records populated
season_format,str,0.0,,,Domestic League,league-teams,20/20 records populated
shortHand,str,0.0,,,arsenal-fc,league-teams,20/20 records populated
table_position,int,0.0,1,20,5,league-teams,20/20 records populated
url,str,0.0,,,https://footystats.org/clubs/arsenal-fc-59,league-teams,20/20 records populated
age,int,0.0,30,30,30,player-stats,50/50 records populated
appearances_away,int,0.0,0,24,0,player-stats,50/50 records populated
appearances_home,int,0.0,0,25,1,player-stats,50/50 records populated
appearances_overall,int,0.0,0,49,1,player-stats,50/50 records populated
assists_away,int,0.0,0,0,0,player-stats,50/50 records populated
assists_home,int,0.0,0,0,0,player-stats,50/50 records populated
assists_overall,int,0.0,0,0,0,player-stats,50/50 records populated
assists_per_90_overall,int,0.0,0,0,0,player-stats,50/50 records populated
birthday,int,0.0,811123200,811148400,811148400,player-stats,50/50 records populated
cards_overall,int,0.0,0,3,0,player-stats,50/50 records populated
cards_per_90_overall,float|int,0.0,0,0.2,0,player-stats,50/50 records populated
clean_sheets_away,int,0.0,0,9,0,player-stats,50/50 records populated
clean_sheets_home,int,0.0,0,11,1,player-stats,50/50 records populated
clean_sheets_overall,int,0.0,0,19,1,player-stats,50/50 records populated
clean_sheets_per_overall,int,0.0,0,100,100,player-stats,50/50 records populated
club_team_2_id,int,0.0,-1,-1,-1,player-stats,50/50 records populated
club_team_id,int,0.0,59,7967,59,player-stats,50/50 records populated
competition_id,int,0.0,1674,17346,17146,player-stats,50/50 records populated
conceded_away,int,0.0,0,24,0,player-stats,50/50 records populated
conceded_home,int,0.0,0,18,0,player-stats,50/50 records populated
conceded_overall,int,0.0,0,41,0,player-stats,50/50 records populated
conceded_per_90_overall,float|int,0.0,0,3,0,player-stats,50/50 records populated
continent,str,0.0,,,eu,player-stats,50/50 records populated
detailed,null,100.0,,,,player-stats,0/21 records populated
detailed.accurate_crosses_per90_percentile_overall,int,3.4,24,99,75,player-stats,28/29 records populated
detailed.accurate_crosses_per_90_overall,int,0.0,0,0,0,player-stats,29/29 records populated
detailed.accurate_crosses_per_game_overall,int,0.0,0,0,0,player-stats,29/29 records populated
detailed.accurate_crosses_total_overall,null,100.0,,,,player-stats,0/29 records populated
detailed.aerial_duels_won_per90_percentile_overall,int,3.4,5,71,38,player-stats,28/29 records populated
detailed.aerial_duels_won_per_90_overall,float|int,0.0,0,1,0,player-stats,29/29 records populated
detailed.aerial_duels_won_per_game_overall,float|int,0.0,0,1,0,player-stats,29/29 records populated
detailed.aerial_duels_won_percentage_overall,int,0.0,0,0,0,player-stats,29/29 records populated
detailed.aerial_duels_won_total_overall,int,48.3,1,14,1,player-stats,15/29 records populated
detailed.annual_salary_eur,int,82.8,1492707,7540000,7540000,player-stats,5/29 records populated
detailed.annual_salary_eur_percentile,int,3.4,41,99,99,player-stats,28/29 records populated
detailed.assists_per90_percentile_overall,int,3.4,34,89,89,player-stats,28/29 records populated
detailed.assists_per_game_overall,int,0.0,0,0,0,player-stats,29/29 records populated
detailed.average_rating_overall,float|int,0.0,3.38,8.15,6.92,player-stats,29/29 records populated
detailed.average_rating_percentile_overall,int,6.9,4,94,55,player-stats,27/29 records populated
detailed.blocks_per90_percentile_overall,int,3.4,12,99,75,player-stats,28/29 records populated
detailed.blocks_per_90_overall,int,0.0,0,0,0,player-stats,29/29 records populated
detailed.blocks_per_game_overall,int,0.0,0,0,0,player-stats,29/29 records populated
detailed.blocks_total_overall,null,100.0,,,,player-stats,0/29 records populated
detailed.booked_over05_overall,int,62.1,1,3,1,player-stats,11/29 records populated
detailed.booked_over05_percentage_overall,int,62.1,2,20,3,player-stats,11/29 records populated
detailed.booked_over05_percentage_percentile_overall,int,3.4,14,94,86,player-stats,28/29 records populated
detailed.cards_per90_percentile_overall,int,3.4,11,94,84,player-stats,28/29 records populated
detailed.clean_sheets_percentage_percentile_overall,int,3.4,6,99,99,player-stats,28/29 records populated
detailed.clearances_per90_percentile_overall,int,6.9,4,56,42,player-stats,27/29 records populated
detailed.clearances_per_90_overall,float|int,0.0,0,1.19,1,player-stats,29/29 records populated
detailed.clearances_per_game_overall,float|int,0.0,0,1.21,1,player-stats,29/29 records populated
detailed.clearances_total_overall,int,34.5,1,44,1,player-stats,19/29 records populated
detailed.club_team_2_id,null,100.0,,,,player-stats,0/29 records populated
detailed.club_team_id,int,0.0,59,7967,59,player-stats,29/29 records populated
detailed.conceded_per90_percentile_overall,int,3.4,6,99,99,player-stats,28/29 records populated
detailed.cross_completion_rate_overall,int,0.0,0,0,0,player-stats,29/29 records populated
detailed.cross_completion_rate_percentile_overall,int,3.4,24,99,75,player-stats,28/29 records populated
detailed.crosses_per90_percentile_overall,int,3.4,12,72,51,player-stats,28/29 records populated
detailed.crosses_per_90_overall,float|int,0.0,0,0.03,0,player-stats,29/29 records populated
detailed.crosses_per_game_overall,float|int,0.0,0,0.03,0,player-stats,29/29 records populated
detailed.crosses_total_overall,int,93.1,1,1,1,player-stats,2/29 records populated
detailed.detailed_matches_played_recorded_overall,int,0.0,1,45,1,player-stats,29/29 records populated
detailed.detailed_minutes_played_recorded_overall,int,0.0,90,4050,90,player-stats,29/29 records populated
detailed.dispossesed_per90_percentile_overall,int,3.4,70,99,99,player-stats,28/29 records populated
detailed.dispossesed_per_90_overall,float|int,0.0,0,0.2,0,player-stats,29/29 records populated
detailed.dispossesed_per_game_overall,float|int,0.0,0,0.2,0,player-stats,29/29 records populated
detailed.dispossesed_total_overall,int,86.2,1,1,1,player-stats,4/29 records populated
detailed.dribbled_past_per90_percentile_overall,int,3.4,87,99,99,player-stats,28/29 records populated
detailed.dribbled_past_per_90_overall,float|int,0.0,0,0.07,0,player-stats,29/29 records populated
detailed.dribbled_past_per_game_overall,float|int,0.0,0,0.07,0,player-stats,29/29 records populated
detailed.dribbled_past_total_overall,int,82.8,1,2,1,player-stats,5/29 records populated
detailed.dribbles_per90_percentile_overall,int,3.4,7,99,43,player-stats,28/29 records populated
detailed.dribbles_per_90_overall,float|int,0.0,0,0.07,0,player-stats,29/29 records populated
detailed.dribbles_per_game_overall,float|int,0.0,0,0.07,0,player-stats,29/29 records populated
detailed.dribbles_successful_per90_percentile_overall,int,3.4,9,86,60,player-stats,28/29 records populated
detailed.dribbles_successful_per_90_overall,float|int,0.0,0,0.04,0,player-stats,29/29 records populated
detailed.dribbles_successful_per_game_overall,float|int,0.0,0,0.04,0,player-stats,29/29 records populated
detailed.dribbles_successful_percentage_overall,int,0.0,0,100,0,player-stats,29/29 records populated
detailed.dribbles_successful_percentage_percentile_overall,int,3.4,9,99,61,player-stats,28/29 records populated
detailed.dribbles_successful_total_overall,int,82.8,1,2,1,player-stats,5/29 records populated
detailed.dribbles_total_overall,int,75.9,1,2,1,player-stats,7/29 records populated
detailed.duels_per90_percentile_overall,int,31.0,1,78,6,player-stats,20/29 records populated
detailed.duels_per_90_overall,float|int,0.0,0,1,0,player-stats,29/29 records populated
detailed.duels_per_game_overall,float|int,0.0,0,1,0,player-stats,29/29 records populated
detailed.duels_total_overall,int,48.3,1,27,1,player-stats,15/29 records populated
detailed.duels_won_per90_percentile_overall,int,31.0,1,78,8,player-stats,20/29 records populated
detailed.duels_won_per_90_overall,float|int,0.0,0,1,0,player-stats,29/29 records populated
detailed.duels_won_per_game_overall,float|int,0.0,0,1,0,player-stats,29/29 records populated
detailed.duels_won_percentage_overall,int,0.0,0,100,0,player-stats,29/29 records populated
detailed.duels_won_total_overall,int,48.3,1,24,1,player-stats,15/29 records populated
detailed.fouls_committed_per90_percentile_overall,int,3.4,5,61,40,player-stats,28/29 records populated
detailed.fouls_committed_per_90_overall,float|int,0.0,0,0.04,0,player-stats,29/29 records populated
detailed.fouls_committed_per_game_overall,float|int,0.0,0,0.04,0,player-stats,29/29 records populated
detailed.fouls_committed_total_overall,int,89.7,1,1,1,player-stats,3/29 records populated
detailed.fouls_drawn_per90_percentile_overall,int,6.9,5,56,43,player-stats,27/29 records populated
detailed.fouls_drawn_per_90_overall,float|int,0.0,0,0.38,0,player-stats,29/29 records populated
detailed.fouls_drawn_per_game_overall,float|int,0.0,0,0.38,0,player-stats,29/29 records populated
detailed.fouls_drawn_total_overall,int,62.1,1,14,14,player-stats,11/29 records populated
detailed.games_started,int,0.0,1,45,1,player-stats,29/29 records populated
detailed.games_started_percentile_overall,int,37.9,3,99,92,player-stats,18/29 records populated
detailed.games_subbed_in,int,96.6,1,1,1,player-stats,1/29 records populated
detailed.games_subbed_in_percentile_overall,int,3.4,15,99,97,player-stats,28/29 records populated
detailed.games_subbed_out,int,82.8,1,1,1,player-stats,5/29 records populated
detailed.games_subbed_out_percentile_overall,int,3.4,9,88,59,player-stats,28/29 records populated
detailed.goals_involved_per90_percentile_overall,int,3.4,20,83,78,player-stats,28/29 records populated
detailed.goals_per90_percentile_away,int,3.4,50,99,95,player-stats,28/29 records populated
detailed.goals_per90_percentile_home,int,3.4,47,91,91,player-stats,28/29 records populated
detailed.goals_per90_percentile_overall,int,3.4,34,90,86,player-stats,28/29 records populated
detailed.hattricks_total_overall,null,100.0,,,,player-stats,0/29 records populated
detailed.hit_woodwork_per90_percentile_overall,int,3.4,57,99,97,player-stats,28/29 records populated
detailed.hit_woodwork_per_90_overall,int,0.0,0,0,0,player-stats,29/29 records populated
detailed.hit_woodwork_per_game_overall,int,0.0,0,0,0,player-stats,29/29 records populated
detailed.hit_woodwork_total_overall,null,100.0,,,,player-stats,0/29 records populated
detailed.inside_box_saves_total_overall,int,17.2,1,87,1,player-stats,24/29 records populated
detailed.interceptions_per90_percentile_overall,int,3.4,7,61,53,player-stats,28/29 records populated
detailed.interceptions_per_90_overall,float|int,0.0,0,0.33,0,player-stats,29/29 records populated
detailed.interceptions_per_game_overall,float|int,0.0,0,0.33,0,player-stats,29/29 records populated
detailed.interceptions_total_overall,int,72.4,1,1,1,player-stats,8/29 records populated
detailed.key_passes_per90_percentile_overall,int,3.4,6,72,50,player-stats,28/29 records populated
detailed.key_passes_per_90_overall,float|int,0.0,0,1,0,player-stats,29/29 records populated
detailed.key_passes_per_game_overall,float|int,0.0,0,1,0,player-stats,29/29 records populated
detailed.key_passes_total_overall,int,75.9,1,3,3,player-stats,7/29 records populated
detailed.long_passes_per_game_overall,int,0.0,0,0,0,player-stats,29/29 records populated
detailed.matches_played_percentile_overall,int,41.4,1,99,79,player-stats,17/29 records populated
detailed.min_per_card_percentile_overall,int,3.4,22,99,84,player-stats,28/29 records populated
detailed.min_per_conceded_percentile_overall,int,17.2,1,98,32,player-stats,24/29 records populated
detailed.min_per_goal_percentile_overall,int,3.4,34,90,86,player-stats,28/29 records populated
detailed.minutes_played_percentile_overall,int,41.4,1,99,80,player-stats,17/29 records populated
detailed.npxg_per90_percentile_overall,int,3.4,9,88,44,player-stats,28/29 records populated
detailed.npxg_per_90_overall,int,0.0,0,0,0,player-stats,29/29 records populated
detailed.npxg_per_game_overall,int,0.0,0,0,0,player-stats,29/29 records populated
detailed.npxg_total_overall,float|int,0.0,0,0.03,0,player-stats,29/29 records populated
detailed.offsides_per90_percentile_overall,int,3.4,33,99,86,player-stats,28/29 records populated
detailed.offsides_per_90_overall,int,0.0,0,0,0,player-stats,29/29 records populated
detailed.offsides_per_game_overall,int,0.0,0,0,0,player-stats,29/29 records populated
detailed.offsides_total_overall,null,100.0,,,,player-stats,0/29 records populated
detailed.pass_completion_rate_overall,float|int,0.0,57.5,100,77.78,player-stats,29/29 records populated
detailed.pass_completion_rate_percentile_overall,int,3.4,5,99,32,player-stats,28/29 records populated
detailed.passes_completed_per90_percentile_overall,int,6.9,10,62,19,player-stats,27/29 records populated
detailed.passes_completed_per_90_overall,float|int,0.0,13.46,30.8,14,player-stats,29/29 records populated
detailed.passes_completed_per_game_overall,float|int,0.0,8,32,14,player-stats,29/29 records populated
detailed.passes_completed_total_overall,int,0.0,14,1386,14,player-stats,29/29 records populated
detailed.passes_per90_percentile_overall,int,6.9,2,59,16,player-stats,27/29 records populated
detailed.passes_per_90_overall,float|int,0.0,14,41.18,18,player-stats,29/29 records populated
detailed.passes_per_game_overall,float|int,0.0,8.5,41.18,18,player-stats,29/29 records populated
detailed.passes_total_overall,int,0.0,14,1853,18,player-stats,29/29 records populated
detailed.pen_committed_per90_percentile_overall,int,3.4,13,99,99,player-stats,28/29 records populated
detailed.pen_committed_per_90_overall,float|int,0.0,0,0.04,0,player-stats,29/29 records populated
detailed.pen_committed_per_game_overall,float|int,0.0,0,0.04,0,player-stats,29/29 records populated
detailed.pen_committed_total_overall,int,93.1,1,1,1,player-stats,2/29 records populated
detailed.pen_missed_total_overall,null,100.0,,,,player-stats,0/29 records populated
detailed.pen_save_percentage_overall,int,0.0,0,0,0,player-stats,29/29 records populated
detailed.pen_scored_total_overall,null,100.0,,,,player-stats,0/29 records populated
detailed.penalties_won_total_overall,null,100.0,,,,player-stats,0/29 records populated
detailed.pens_saved_total_overall,int,93.1,1,2,2,player-stats,2/29 records populated
detailed.pens_taken_total_overall,null,100.0,,,,player-stats,0/29 records populated
detailed.progressive_passes_total_overall,null,100.0,,,,player-stats,0/29 records populated
detailed.punches_per90_percentile_overall,int,41.4,3,99,40,player-stats,17/29 records populated
detailed.punches_per_90_overall,float|int,0.0,0,0.75,0,player-stats,29/29 records populated
detailed.punches_per_game_overall,float|int,0.0,0,1,0,player-stats,29/29 records populated
detailed.punches_total_overall,int,37.9,1,21,5,player-stats,18/29 records populated
detailed.ratings_total_overall,float|int,0.0,6.2,315.56,6.92,player-stats,29/29 records populated
detailed.save_percentage_overall,float|int,0.0,0,100,100,player-stats,29/29 records populated
detailed.save_percentage_percentile_overall,int,10.3,45,99,99,player-stats,26/29 records populated
detailed.saves_per90_percentile_overall,int,24.1,3,99,11,player-stats,22/29 records populated
detailed.saves_per_90_overall,float|int,0.0,0,4,1,player-stats,29/29 records populated
detailed.saves_per_game_overall,float|int,0.0,0,4,1,player-stats,29/29 records populated
detailed.saves_total_overall,int,3.4,1,148,1,player-stats,28/29 records populated
detailed.shirt_number,str,0.0,,,1,player-stats,29/29 records populated
detailed.short_passes_per_game_overall,int,0.0,0,0,0,player-stats,29/29 records populated
detailed.shot_accuraccy_percentage_overall,int,0.0,0,0,0,player-stats,29/29 records populated
detailed.shot_accuraccy_percentage_percentile_overall,int,3.4,15,99,70,player-stats,28/29 records populated
detailed.shot_conversion_rate_overall,int,0.0,0,0,0,player-stats,29/29 records populated
detailed.shot_conversion_rate_percentile_overall,int,3.4,35,99,88,player-stats,28/29 records populated
detailed.shots_faced_per90_percentile_overall,int,17.2,3,92,13,player-stats,24/29 records populated
detailed.shots_faced_per_90_overall,float|int,0.0,0.84,5.19,1,player-stats,29/29 records populated
detailed.shots_faced_per_game_overall,float|int,0.0,0.5,5.19,1,player-stats,29/29 records populated
detailed.shots_faced_total_overall,int,0.0,1,192,1,player-stats,29/29 records populated
detailed.shots_off_target_per90_percentile_overall,int,3.4,9,89,52,player-stats,28/29 records populated
detailed.shots_off_target_per_90_overall,float|int,0.0,0,0.03,0,player-stats,29/29 records populated
detailed.shots_off_target_per_game_overall,float|int,0.0,0,0.03,0,player-stats,29/29 records populated
detailed.shots_off_target_total_overall,int,96.6,1,1,1,player-stats,1/29 records populated
detailed.shots_on_target_per90_percentile_overall,int,3.4,15,99,70,player-stats,28/29 records populated
detailed.shots_on_target_per_90_overall,int,0.0,0,0,0,player-stats,29/29 records populated
detailed.shots_on_target_per_game_overall,int,0.0,0,0,0,player-stats,29/29 records populated
detailed.shots_on_target_total_overall,null,100.0,,,,player-stats,0/29 records populated
detailed.shots_per90_percentile_overall,int,3.4,8,88,43,player-stats,28/29 records populated
detailed.shots_per_90_overall,float|int,0.0,0,0.03,0,player-stats,29/29 records populated
detailed.shots_per_game_overall,float|int,0.0,0,0.03,0,player-stats,29/29 records populated
detailed.shots_per_goal_conceded_overall,int,0.0,0,0,0,player-stats,29/29 records populated
detailed.shots_per_goal_scored_overall,int,0.0,0,0,0,player-stats,29/29 records populated
detailed.shots_total_overall,int,96.6,1,1,1,player-stats,1/29 records populated
detailed.tackles_per90_percentile_overall,int,3.4,5,39,33,player-stats,28/29 records populated
detailed.tackles_per_90_overall,float|int,0.0,0,0.07,0,player-stats,29/29 records populated
detailed.tackles_per_game_overall,float|int,0.0,0,0.07,0,player-stats,29/29 records populated
detailed.tackles_successful_per90_percentile_overall,int,3.4,99,99,99,player-stats,28/29 records populated
detailed.tackles_successful_per_90_overall,int,0.0,0,0,0,player-stats,29/29 records populated
detailed.tackles_successful_per_game_overall,int,0.0,0,0,0,player-stats,29/29 records populated
detailed.tackles_successful_total_overall,null,100.0,,,,player-stats,0/29 records populated
detailed.tackles_total_overall,int,79.3,1,1,1,player-stats,6/29 records populated
detailed.three_goals_in_a_game_percentage_overall,null,100.0,,,,player-stats,0/29 records populated
detailed.three_goals_in_a_game_total_overall,null,100.0,,,,player-stats,0/29 records populated
detailed.two_goals_in_a_game_percentage_overall,null,100.0,,,,player-stats,0/29 records populated
detailed.two_goals_in_a_game_total_overall,null,100.0,,,,player-stats,0/29 records populated
detailed.xa_per90_percentile_overall,int,6.9,5,38,14,player-stats,27/29 records populated
detailed.xa_per_90_overall,float,0.0,0.03,0.06,0.03,player-stats,29/29 records populated
detailed.xa_per_game_overall,float,0.0,0.02,0.06,0.03,player-stats,29/29 records populated
detailed.xa_total_overall,float,0.0,0.03,2.92,0.03,player-stats,29/29 records populated
detailed.xg_per90_percentile_overall,int,3.4,9,88,43,player-stats,28/29 records populated
detailed.xg_per_90_overall,int,0.0,0,0,0,player-stats,29/29 records populated
detailed.xg_per_game_overall,int,0.0,0,0,0,player-stats,29/29 records populated
detailed.xg_total_overall,float|int,0.0,0,0.03,0,player-stats,29/29 records populated
ending_year,int,0.0,2019,2027,2027,player-stats,50/50 records populated
first_name,str,0.0,,,David,player-stats,50/50 records populated
full_name,str,0.0,,,David Raya Martin,player-stats,50/50 records populated
goals_away,int,0.0,0,0,0,player-stats,50/50 records populated
goals_home,int,0.0,0,0,0,player-stats,50/50 records populated
goals_involved_per_90_overall,int,0.0,0,0,0,player-stats,50/50 records populated
goals_overall,int,0.0,0,0,0,player-stats,50/50 records populated
goals_per_90_away,int,0.0,0,0,0,player-stats,50/50 records populated
goals_per_90_home,int,0.0,0,0,0,player-stats,50/50 records populated
goals_per_90_overall,int,0.0,0,0,0,player-stats,50/50 records populated
height,int,0.0,183,186,186,player-stats,50/50 records populated
id,int,0.0,7235,7235,7235,player-stats,50/50 records populated
known_as,str,0.0,,,David Raya,player-stats,50/50 records populated
last_match_timestamp,int,0.0,0,1787338800,1787338800,player-stats,50/50 records populated
last_name,str,0.0,,,Raya Martin,player-stats,50/50 records populated
league,str,0.0,,,Premier League,player-stats,50/50 records populated
league_type,str,0.0,,,Domestic League,player-stats,50/50 records populated
min_per_assist_overall,int,0.0,0,0,0,player-stats,50/50 records populated
min_per_card_overall,int,0.0,0,4050,0,player-stats,50/50 records populated
min_per_conceded_overall,int,0.0,0,252,0,player-stats,50/50 records populated
min_per_goal_overall,int,0.0,0,0,0,player-stats,50/50 records populated
min_per_match,int,0.0,0,90,90,player-stats,50/50 records populated
minutes_played_away,int,0.0,0,2160,0,player-stats,50/50 records populated
minutes_played_home,int,0.0,0,2250,90,player-stats,50/50 records populated
minutes_played_overall,int,0.0,0,4410,90,player-stats,50/50 records populated
national_team_id,int,0.0,0,0,0,player-stats,50/50 records populated
nationality,str,0.0,,,Spain,player-stats,50/50 records populated
penalty_goals,int,0.0,0,0,0,player-stats,50/50 records populated
penalty_misses,int,0.0,0,0,0,player-stats,50/50 records populated
penalty_success,int,0.0,-1,-1,-1,player-stats,50/50 records populated
position,str,0.0,,,Goalkeeper,player-stats,50/50 records populated
rank_in_club_top_scorer,int,0.0,-1,37,4,player-stats,50/50 records populated
rank_in_league_top_attackers,int,0.0,-1,738,-1,player-stats,50/50 records populated
rank_in_league_top_defenders,int,0.0,-1,51,-1,player-stats,50/50 records populated
rank_in_league_top_midfielders,int,0.0,-1,738,-1,player-stats,50/50 records populated
red_cards_overall,int,0.0,0,0,0,player-stats,50/50 records populated
season,str,0.0,,,2026/2027,player-stats,50/50 records populated
shorthand,str,0.0,,,david-raya,player-stats,50/50 records populated
starting_year,int,0.0,2018,2026,2026,player-stats,50/50 records populated
url,str,0.0,,,https://footystats.org/players/spain/david-raya,player-stats,50/50 records populated
weight,int,0.0,80,80,80,player-stats,50/50 records populated
yellow_cards_overall,int,0.0,0,3,0,player-stats,50/50 records populated
data,str,0.0,,,Successful Test Call,test-call,1/1 records populated
message,str,0.0,,,Usage of the API is bound to our Terms of Use : https://foot,test-call,1/1 records populated
metadata.request_limit,str,0.0,,,1800,test-call,1/1 records populated
metadata.request_limit_refresh_next,int,0.0,1788027054,1788027054,1788027054,test-call,1/1 records populated
metadata.request_remaining,str,0.0,,,1786,test-call,1/1 records populated
metadata.request_reset_message,str,0.0,,,Request limit is refreshed every hour.,test-call,1/1 records populated
pager.current_page,int,0.0,1,1,1,test-call,1/1 records populated
pager.max_page,int,0.0,1,1,1,test-call,1/1 records populated
pager.results_per_page,int,0.0,50,50,50,test-call,1/1 records populated
pager.total_results,int,0.0,1,1,1,test-call,1/1 records populated
success,bool,0.0,,,True,test-call,1/1 records populated
