table,field_name,data_type,row_count,non_null_count,null_percentage,distinct_count,minimum,maximum,example_value,plausibility
players,player_id,BIGINT,50149,50149,0.0,50149,10,1555760,10,
players,first_name,VARCHAR,50149,46988,6.3,10801,,,Miroslav,
players,last_name,VARCHAR,50149,50149,0.0,33875,,,Klose,
players,name,VARCHAR,50149,50149,0.0,48825,,,Miroslav Klose,
players,last_season,BIGINT,50149,50149,0.0,14,2012,2025,2015,
players,current_club_id,BIGINT,50149,50149,0.0,1852,2,142301,398,
players,player_code,VARCHAR,50149,50149,0.0,48738,,,miroslav-klose,
players,country_of_birth,VARCHAR,50149,44263,11.74,211,,,Poland,
players,city_of_birth,VARCHAR,50149,44540,11.18,11973,,,Opole,
players,country_of_citizenship,VARCHAR,50149,49880,0.54,202,,,Germany,
players,date_of_birth,TIMESTAMP,50149,50100,0.1,10359,1968-07-31 00:00:00,2011-02-23 00:00:00,1978-06-09 00:00:00,
players,sub_position,VARCHAR,50149,49563,1.17,13,,,Centre-Forward,
players,position,VARCHAR,50149,50149,0.0,5,,,Attack,
players,foot,VARCHAR,50149,44256,11.75,3,,,right,
players,height_in_cm,BIGINT,50149,45784,8.7,58,17,210,184,13 outside 140-220
players,contract_expiration_date,TIMESTAMP,50149,31581,37.03,241,2000-05-31 00:00:00,2035-06-30 00:00:00,2023-12-31 00:00:00,
players,agent_name,VARCHAR,50149,26853,46.45,3958,,,ASBW Sport Marketing,
players,image_url,VARCHAR,50149,50149,0.0,41061,,,https://img.a.transfermarkt.technology/portrait/header/10-14,
players,international_caps,BIGINT,50149,19356,61.4,159,0,233,129,
players,international_goals,BIGINT,50149,19356,61.4,68,0,146,41,
players,current_national_team_id,BIGINT,50149,3260,93.5,123,3262,53982,3584,
players,url,VARCHAR,50149,50149,0.0,50149,,,https://www.transfermarkt.co.uk/miroslav-klose/profil/spiele,
players,current_club_domestic_competition_id,VARCHAR,50149,47163,5.95,32,,,IT1,
players,current_club_name,VARCHAR,50149,47163,5.95,793,,,Società Sportiva Lazio S.p.A.,
players,market_value_in_eur,BIGINT,50149,41528,17.19,121,10000,200000000,1000000,all within range
players,highest_market_value_in_eur,BIGINT,50149,41528,17.19,206,10000,200000000,30000000,all within range
clubs,club_id,BIGINT,796,796,0.0,796,3,118373,10,
clubs,club_code,VARCHAR,796,796,0.0,796,,,arminia-bielefeld,
clubs,name,VARCHAR,796,796,0.0,796,,,Arminia Bielefeld,
clubs,domestic_competition_id,VARCHAR,796,796,0.0,32,,,L1,
clubs,total_market_value,VARCHAR,796,0,100.0,0,,,,
clubs,squad_size,BIGINT,796,796,0.0,43,0,50,27,
clubs,average_age,DOUBLE,796,758,4.77,84,0.0,30.1,25.3,
clubs,foreigners_number,BIGINT,796,796,0.0,33,0,36,15,
clubs,foreigners_percentage,DOUBLE,796,736,7.54,279,2.4,100.0,55.6,
clubs,national_team_players,BIGINT,796,796,0.0,24,0,24,4,
clubs,stadium_name,VARCHAR,796,796,0.0,760,,,SchücoArena,
clubs,stadium_seats,BIGINT,796,796,0.0,658,0,87523,26515,
clubs,net_transfer_record,VARCHAR,796,796,0.0,482,,,+€5.90m,
clubs,coach_name,VARCHAR,796,403,49.37,395,,,Stéphane Gilli,
clubs,last_season,BIGINT,796,796,0.0,14,2012,2025,2021,
clubs,filename,VARCHAR,796,796,0.0,14,,,../data/raw/transfermarkt-scraper/2021/clubs.json.gz,
clubs,url,VARCHAR,796,796,0.0,796,,,https://www.transfermarkt.co.uk/arminia-bielefeld/startseite,
competitions,competition_id,VARCHAR,65,65,0.0,65,,,A1,
competitions,competition_code,VARCHAR,65,65,0.0,62,,,bundesliga,
competitions,name,VARCHAR,65,65,0.0,62,,,bundesliga,
competitions,sub_type,VARCHAR,65,65,0.0,16,,,first_tier,
competitions,type,VARCHAR,65,65,0.0,5,,,domestic_league,
competitions,country_id,BIGINT,65,65,0.0,32,-1,215,127,
competitions,country_name,VARCHAR,65,53,18.46,31,,,Austria,
competitions,domestic_league_code,VARCHAR,65,53,18.46,31,,,A1,
competitions,confederation,VARCHAR,65,65,0.0,5,,,europa,
competitions,total_clubs,BIGINT,65,50,23.08,7,10,30,12,
competitions,url,VARCHAR,65,65,0.0,65,,,https://www.transfermarkt.co.uk/bundesliga/startseite/wettbe,
player_valuations,player_id,BIGINT,656301,656301,0.0,41528,10,1523289,405973,
player_valuations,date,DATE,656301,656301,0.0,5749,2000-01-20,2026-06-12,2000-01-20,
player_valuations,market_value_in_eur,BIGINT,656301,656301,0.0,425,10000,200000000,150000,all within range
player_valuations,current_club_name,VARCHAR,656301,656301,0.0,8062,,,Unknown,
player_valuations,current_club_id,BIGINT,656301,656301,0.0,5427,1,136215,3057,
player_valuations,player_club_domestic_competition_id,VARCHAR,656301,563323,14.17,32,,,BE1,
transfers,player_id,BIGINT,175165,175165,0.0,23379,2989,1545443,467994,
transfers,transfer_date,DATE,175165,175165,0.0,5634,1993-07-01,2030-06-30,2030-06-30,
transfers,transfer_season,VARCHAR,175165,175165,0.0,35,,,25/26,
transfers,from_club_id,BIGINT,175165,175165,0.0,17408,1,142714,5621,
transfers,to_club_id,BIGINT,175165,175165,0.0,13208,1,142487,749,
transfers,from_club_name,VARCHAR,175165,175165,0.0,18309,,,Reggiana,
transfers,to_club_name,VARCHAR,175165,175165,0.0,14109,,,FC Empoli,
transfers,transfer_fee,DOUBLE,175165,113639,35.12,1503,0.0,222000000.0,0.0,all within range
transfers,market_value_in_eur,DOUBLE,175165,107005,38.91,191,10000.0,180000000.0,700000.0,
transfers,player_name,VARCHAR,175165,175165,0.0,23036,,,Luca Belardinelli,
